title,company_name,link
Flutter 개발자,KAYPLE,/wd/318167
[Plus]Flutter 개발자,앤서스랩코리아,/wd/316794
[메가스터디교육 자회사] 앱 개발자 (Flutter),마이스,/wd/318516
Flutter 개발자 (3년 이상),에이드리븐,/wd/312308
모바일 엔지니어 (Flutter),엘리스,/wd/262121
로봇자동화 Flutter 개발자,엑스와이지,/wd/303933
Senior Site Reliability Engineer,하이퍼커넥트,/wd/202044
IOS 앱 개발자 (Flutter),퍼스트해빗,/wd/270930
Flutter 개발자,KAYPLE,/wd/318167
[Plus]Flutter 개발자,앤서스랩코리아,/wd/316794
[메가스터디교육 자회사] 앱 개발자 (Flutter),마이스,/wd/318516
Flutter 개발자 (3년 이상),에이드리븐,/wd/312308
모바일 엔지니어 (Flutter),엘리스,/wd/262121
로봇자동화 Flutter 개발자,엑스와이지,/wd/303933
Senior Site Reliability Engineer,하이퍼커넥트,/wd/202044
IOS 앱 개발자 (Flutter),퍼스트해빗,/wd/270930
Flutter 개발자 (5년이상),예써,/wd/313672
풀스택 개발자 (Front-End / Back-End / Mobile App),114114구인구직,/wd/311617
Full Stack Software Engineer (Global/JP),리디(RIDI),/wd/297266
Flutter 개발자,뉴하이퍼,/wd/302252
Flutter Web CRM 개발자,에이치아이티,/wd/270330
Flutter 앱 개발자,테일크루(Talecrew),/wd/284909
[병역특례 현역/보충역] Flutter개발자,넛지헬스케어(캐시워크),/wd/168259
Flutter 앱 개발자,플랙스뉴럴랩스,/wd/315996
앱(Flutter) 개발자,중고나라,/wd/316177
Flutter 앱개발자,에이에이씨,/wd/317821
멀티플랫폼 앱 개발자 (Android & Flutter),룰루랩(lululab),/wd/316696
Frontend Engineer,우주탐험가,/wd/310252
앱 개발자 Flutter,잉글리시에그,/wd/312089
Flutter 앱 개발 엔지니어,큐레아,/wd/316786
Flutter 개발자 (LiveConnection 플랫폼),화컴,/wd/312755
플랫폼 파트 - Flutter 개발,어스얼라이언스,/wd/310852
Android 개발자,더스윙,/wd/312151
"프론트엔드 / 모바일 (Vue, Flutter) 엔지니어",드래프티파이,/wd/220132
